"id";"user_id";"channel_username";"title";"channel_description";"links";"creation_date";"total_views"
1;1;"";"jackMan";"hey!have you ever seen a jackMan?? ";"";"22.10.1402";0
2;2;"";"amor";"only amor stays forever ";"";"22.10.1400";0
3;3;"";"fingers";"take my hand and touch my fingers";"";"22.10.1399";0
4;4;"";"Mr.hey";"heyyyyyyyyy!!!";"";"17.5.1401";0
6;6;"";"sisters";"lets go!";"";"2023/5/17";0
5;5;"";"sisters";"Im a red rose";"";"2023/5/17";0
7;7;"";"tiger";"roarrrr";"";"2023/5/17";0
