"id";"item_id";"type";"score";"tag_name"
9;2;"video";100;"game"
2;1;"user";10;"animation"
3;1;"user";50;"music"
5;1;"video";50;"music"
7;2;"user";100;"nature"
8;2;"user";50;"tech"
10;3;"video";10;"nature"
11;4;"video";30;"music"
12;5;"video";120;"animation"
13;6;"video";60;"nature"
15;8;"video";5;"animationl"
16;9;"video";10;"nature"
26;18;"video";10;"tech"
27;3;"user";40;"movie"
28;3;"user";70;"music"
30;4;"user";70;"nature"
31;5;"user";25;"game"
32;5;"user";10;"tech"
33;5;"user";80;"animation"
34;1;"video";100;"channel_jackMan"
35;2;"video";100;"channel_Mr.hey"
36;3;"video";100;"channel_Mr.hey"
37;4;"video";100;"channel_jackMAn"
38;5;"video";100;"channel_jackMAn"
39;6;"video";100;"channel_jackMAn"
40;7;"video";100;"channel_rose"
41;8;"video";100;"channel_rose"
42;9;"video";100;"channel_rose"
43;10;"video";100;"channel_sisters"
44;11;"video";100;"channel_sisters"
45;12;"video";100;"channel_sisters"
46;13;"video";100;"channel_sisters"
47;14;"video";100;"channel_sisters"
48;15;"video";100;"channel_sisters"
49;16;"video";100;"channel_tiger"
50;17;"video";100;"channel_tiger"
51;18;"video";100;"channel_tiger"
52;19;"video";100;"channel_tiger"
53;20;"video";100;"channel_rose"
54;21;"video";100;"channel_Mr.hey"
55;22;"video";100;"channel_Mr.hey"
56;23;"video";100;"channel_fingers"
57;24;"video";100;"channel_fingers"
58;25;"video";100;"channel_fingers"
59;26;"video";100;"channel_amor"
60;27;"video";100;"channel_amor"
61;28;"video";100;"channel_amor"
62;28;"video";100;"game"
63;28;"video";50;"music"
65;27;"video";100;"movie"
66;27;"video";30;"music"
67;26;"video";100;"animation"
68;26;"video";80;"fantasy"
69;25;"video";70;"fantasy"
70;25;"video";100;"animation"
71;24;"video";100;"game"
73;24;"video";70;"music"
74;23;"video";100;"game"
75;22;"video";100;"game"
77;21;"video";100;"harry_potter"
78;21;"video";100;"fantasy"
79;20;"video";100;"fantasy"
80;20;"video";90;"movie"
81;20;"video";90;"animation"
82;19;"video";100;"city"
85;18;"video";100;"harry_potter"
86;17;"video";100;"action"
87;27;"video";50;"action"
88;17;"video";100;"spider_man"
90;20;"video";100;"romance"
91;27;"video";100;"spider_man"
92;16;"video";100;"spider_man"
93;16;"video";100;"romance"
94;28;"video";100;"witcher"
95;23;"video";15;"witcher"
98;27;"video";100;"super_hero"
99;17;"video";100;"super_hero"
100;16;"video";100;"super_hero"
101;14;"video";100;"super_hero"
102;14;"video";100;"sci_fi"
103;14;"video";50;"city"
104;16;"video";20;"action"
105;14;"video";30;"action"
106;22;"video";10;"action"
107;15;"video";60;"tech"
108;15;"video";40;"romance"
109;15;"video";100;"sci_fi"
110;19;"video";0;"sci_fi"
111;19;"video";0;"fantasy"
112;13;"video";100;"animation"
113;13;"video";50;"romance"
114;12;"video";90;"game"
115;12;"video";90;"action"
116;11;"video";40;"action"
117;11;"video";100;"animation"
119;11;"video";100;"kung_fu"
120;10;"video";100;"romance"
118;10;"video";100;"movie"
119;9;"video";60;"tech"
120;9;"video";100;"sci_fi"
121;8;"video";100;"sci_fi"
121;8;"video";100;"action"
123;8;"video";100;"game"
124;7;"video";100;"animation"
125;7;"video";15;"action"
126;6;"video";40;"tech"
127;6;"video";100;"action"
128;6;"video";100;"sci_fi"
129;5;"video";70;"sci_fi"
130;5;"video";30;"tech"
131;5;"video";100;"animation"
132;4;"video";100;"game"
133;4;"video";100;"red_dead"
134;3;"video";100;"animation"
135;3;"video";50;"action"
136;2;"video";100;"elden"
138;1;"video";100;"nature"
