id,item_id,type,score,tag_name
1,1,user,100,edit
2,1,user,10,animation
3,1,user,50,music
4,1,video,100,edit
5,1,video,50,music
6,2,video,10,tech
7,2,user,100,nature
8,2,user,50,tech
9,2,video,0,null
10,3,video,10,nature
11,4,video,30,music
12,5,video,120,animation
13,6,video,60,nature
14,7,video,20,music
15,8,video,5,animationl
16,9,video,10,nature
17,10,video,0,null
18,11,video,0,null
19,12,video,0,null
20,13,video,0,null
21,14,video,0,null
22,15,video,0,null
23,16,video,0,null
24,17,video,0,null
25,18,video,0,null
26,18,video,10,tech
