id,title,video_description,duration,creation_date,is_nsfk
1,video1,"video 1 description",23,NULL,0
2,video2,"video 2 description",30,NULL,0
3,video3,"video 3 description",5,NULL,0
4,video4,"video 4 description",6,NULL,0
5,video5,"video 5 description",7,NULL,0
6,video6,"video 6 description",3,NULL,0
7,video7,"video 7 description",2,NULL,0
8,video8,"video 8  description",1,NULL,0
9,video9,"video 9 description",4,NULL,0
10,video10,"video 10 description",3,NULL,0
11,video11,"video 11 description",5,NULL,0
12,video12,"video 12 description",3,NULL,0
13,video13,"video 13 description",2,NULL,0
14,video14,"video 14 description",6,NULL,0
15,video15,"video 15 description",30,NULL,0
16,video16,"video 16 description",34,NULL,0
17,vide17,"video 17 description",23,NULL,0
18,video18,"video 18 description",34,NULL,0
